n,Wallet,Debank link,Debank name,ENS,TX Count,Source chains,Protocols,Dest chains,Contracts,Days,Months,First tx,Last tx
1,,w,,,,,,,,,,,
2,,,,,,,,,,,,,
3,qdw,https://debank.com/profile/0xf,wqdqwdqw,,,,,,,,,,
4,,,,,,,,,,,,,
5,,qwe,,,,,,,dqw,,,,
6,qwdqw,https://debank.com/profile/0xa14,qdwqd,,,,,,,,,,
7,wqdqw,,,,dqwdq,,,,,,,,
8,,,,,,,,,,,,,
9,,,,,,,,,,,,,
10,,,wqeqw,,,,,,,,,,
11,qwew,,,,,,,,,,,,
12,qwdqwd,https://debank.com/profile/014,wdqqwd,,,,,,,,,,
13,,,,qwe,,,,,,,,,
14,,,,,,,,,,,,,
15,,,,,,,,,,,,,
16,wqdqw,,,,,,,,,,,,
17,,,,,,,,,,,,,
18,,,,,,,,dqwdqw,,,,,
19,,,qwe,,qwdq,,,,,,,,
20,,,,,,,,,,,,,
21,,,,,,,,,,,,,
22,,,,,,,,,,,,,
23,qwdwqd,https://debank.com/profile/0,qwdqwd,,,,,,,,,,
24,,,d,,,,,,,,,,
25,,,,,,,,,,,,,
26,,,,,,,,,,,,,
27,,,,,,,,,,,,,
28,,,,,,,,,,,,,
29,,,,,,,,,,,,,
30,,,,,,,,,,,,,
31,,,,,,,,,,,,,
32,,,,,,,,,,,,,
33,,,,,,,,,,,,,
34,,,,,,,,,,,,,
35,,,,,,,,,,,,,
36,,,,,,,,,,,,,
37,,,,,,,,,,,,,
38,,,,,,,,,,,,,
39,,,,,,,,,,,,,
40,,,,,,,,,,,,,
41,,,,,,,,,,,,,
42,,,,,,,,,,,,,
43,,,,,,,,,,,,,
44,,,,,,,,,,,,,
45,,,,,,,,,,,,,
46,,,,,,,,,,,,,
47,,,,,,,,,,,,,
48,,,,,,,,,,,,,